key,value
bias,-0.048006921848683895
learningRate,0.1
showHigher,1
autoToggle,1
lastAdjustment,0
lastProcessedPeriod,
weight_0,0.658669964959666
weight_1,0.03944711120187305
weight_2,-0.266839304716307
weight_3,-0.09993707778855243
weight_4,-0.24972850202913247
weight_5,-0.1260735498360041
weight_6,0.14657786613670953
weight_7,-0.21044735873812861
weight_8,0.22306142447823588
weight_9,0.029948664615740694
