state,BIG,SMALL
BIG,271.30385421540984,132.355315581402
SMALL,132.07887505124057,100.27338809824865
